receptor,peptide,binder
CAAGTRTDTQYF,NLVPMVATV,1
CAGGTGETSPGELFF,GLCTLVAML,1
CAGQVTNTGELFF,YLQPRTFLL,1
CAGRPRLAGGNNEQFF,RAKFKQLL,1
CAGSQDRLTGGYTF,RPPIFIRRL,1
CAIDRVGTGELFF,NLVPMVATV,1
CAINSGFGSPLHF,ALLPGLPAA,1
CAISDPGDTQYF,RPRGEVRFL,1
CAISDPSGSSYNEQFF,RPRGEVRFL,1
CAISEGAPNTEAFF,FGDHPGHSY,1
CAISELVTGDSPLHF,HMTEVVRHC,1
CAISEQEDQPQHF,NLVPMVATV,1
CAISESQVGVANTEAFF,ELAGIGILTV,1
CAISESRSRVTDTQYF,NLVPMVATV,1
CAISEVGVGQPQHF,ELAGIGILTV,1
CAISEYPPTGRKADTQYF,NLVPMVATV,1
CAISFVTESNQPQHF,STRQALRPRADGPVG,1
CAISGQAVSTDTQYF,KLVALGINAV,1
CAISRDTRRGQPQHF,LLEFYLAMPFATP,1
CAISTGDSNQPQHF,EPLPQGQLTAY,1
CAISVSGTRVYNEQFF,NLVPMVATV,1
CAITGGGEQFF,GILGFVFTL,1
CANSQPGGIEQFF,EPLPQGQLTAY,1
CAPRVHTGELFF,NLVPMVATV,1
CASAAGTYGYTF,GILGFVFTL,1
CASAGTANSPLHF,KPRQKRTAT,1
CASALPGPITGSEAFF,ELAGIGILTV,1
CASAQIGPYEQYF,EPLPQGQLTAY,1
CASASAQLGNTIYF,ELAGIGILTV,1
CASASWGGYAEQFF,VVVGAVGVGK,1
CASATGTYGYTF,GILGFVFTL,1
CASAWGGMTNEQYF,ELAGIGILTV,1
CASDSNTEAFF,KLVALGINAV,1
CASEGVHEQFF,LLIRWQHFL,1
CASFSPRVYEQYF,NLVPMVATV,1
CASGDAGGGYEQYF,SRGGASQYRPSQ,1
CASGDASGAETLYF,RGGASQYRPSQ,1
CASGDASGGNTLYF,RGGASQYRPSQ,1
CASGDAWGYEQYF,FEAQKAKANKAV,1
CASGDFWGDTLYF,WIYVYRPMGCGGS,1
CASGFTGGRNTEAFF,NLVPMVATV,1
CASGGAIDTDTQYF,TLWCSPIKV,1
CASGGGGTLYF,SIYRYYGL,1
CASGGLGGDEQYF,LVERLYLVCGGEG,1
CASGGQGRAEQFF,GNSHRGAIEWEGIESG,1
CASGGSSYEQYF,VAANIVLTV,1
CASGLTGFMDEQYF,NLVPMVATV,1
CASGQGNFDIQYF,FLRGRAYGL,1
CASGQGQETQYF,KLVALGINAV,1
CASGRTGSEAFF,IPSINVHHY,1
CASGSGLAGNEQFF,NLVPMVATV,1
CASGSSGQGEYGELFF,TLWCSPIKV,1
CASGTGDSNQPQHF,EPLPQGQLTAY,1
CASGTGESGYTF,RAKFKQLL,1
CASGWGSQPQHF,AVFDRKSDAK,1
CASGYQNQPQHF,PGVLLKEFTVSGNIL,1
CASHPVGSLTDTQYF,VYALIAGATL,1
CASIDSSGNTLYF,FEAQKAKANKAVDG,1
CASILERGSSYNEQFF,IPSINVHHY,1
CASIWAGLGQPQHF,ELAGIGILTV,1
CASKGQGARDGYTF,IPSINVHHY,1
CASKMGAEAFF,KLVALGINAV,1
CASKMRGDVYEQYF,RAKFKQLL,1
CASKQEWGNTEAFF,TPRVTGGGAM,1
CASKVYGYTF,GARGVGKSAL,1
CASKWGRDLWQPQHF,VLEETSVML,1
CASLAGVRTDTQYF,NLVPMVATV,1
CASLFTGTSPTDTQYF,RAKFKQLL,1
CASLPTGTNTGELFF,NLVPMVATV,1
CASLRGLGTDTQYF,RAKFKQLL,1
CASMDLAFKQYF,RLARLALVL,1
CASMGGASYNEQFF,YVLDHLIVV,1
CASMGNSAGANVLTF,NLVPMVATV,1
CASNFPNISEGTCSNQPQHF,VVMSWAPPV,1
CASNGQGARDGYTF,IPSINVHHY,1
CASNILGQAIDTQYF,RAKFKQLL,1
CASNLGGGSTDTQYF,SSCMGGMNWR,1
CASNPMGQGILFF,NLVPMVATV,1
CASNRGDGYTF,KLVALGINAV,1
CASPATGSNQPQHF,ELAGIGILTV,1
CASPGETEAFF,LPEPLPQGQLTAY,1
CASPGLAGEYEQYF,LPEPLPQGQLTAY,1
CASPILRQPQHF,EEAAGIGILTVI,1
CASQPGQKNTEAFF,CRVLCCYVL,1
CASQSGFLSNSPLHF,ELAGIGILTV,1
CASQSYRVGSEQYF,VAANIVLTV,1
CASRAGSFSTDTQYF,VAANIVLTV,1
CASRATMGGGTEAFF,YVLDHLIVV,1
CASRAVINTDTQYF,APARLERRHSA,1
CASRDGRVHQPQHF,APARLERRHSA,1
CASRDGTLSYNEQFF,ELAGIGILTV,1
CASRDHRVIYGYTF,SYMIMEIE,1
CASRDPGGGGYEKLFF,ELAGIGILTV,1
CASRDPGLAGEGHGELFF,RAKFKQLL,1
CASREDGASGSPDTQYF,KLVALGINAV,1
CASREGDINTGELFF,IVTDFSVIK,1
CASREGLGGTEAFF,KRWIILGLNK,1
CASRGEGYGYTF,PGVLLKEFTVSGNIL,1
CASRGLAGAGEQYF,ELAGIGILTV,1
CASRGLLGGITEAFF,YVLDHLIVV,1
CASRGQGFSYEQYF,NLVPMVATV,1
CASRGTGGGSGQPQHF,NLVPMVATV,1
CASRIELPGAGELFF,NLVPMVATV,1
CASRIWGGADTQYF,RPRGEVRFL,1
CASRKLAGPTDTQYF,NLVPMVATV,1
CASRKTGGGEAFF,RPRGEVRFL,1
CASRLATLVGNEQFF,ELAGIGILTV,1
CASRLGNTGELFF,MTEYKLVVVGAGDVGKSALTIQLI,1
CASRLGTGPEAFF,EAAGIGILTV,1
CASRLIGGGTEAFF,RPRGEVRFL,1
CASRLPGLSLNEQYF,ELAGIGILTV,1
CASRLQGINEKLFF,RPRGEVRFL,1
CASRLQGWNSPLHF,VVRHCPHHERCSDSD,1
CASRLRWGAAAGELFF,LLEFYLAMPFATP,1
CASRLTGEKQETQYF,RPRGEVRFL,1
CASRMIGYEQYF,ELAGIGILTV,1
CASRMQGRDNEQFF,RPRGEVRFL,1
CASRPGLAGGRPEQYF,LLFGYPVYV,1
CASRPGLMSAQPEQYF,LLFGYPVYV,1
CASRPGWMAGGVELYF,ELAGIGILTV,1
CASRPLHSVYEQYF,FRDYVDRFYKTLRAEQASQE,1
CASRPNLGGTTEAFF,TPRVTGGGAM,1
CASRPQGANEKLFF,RPRGEVRFL,1
CASRPQGRDNEQFF,RPRGEVRFL,1
CASRPQGRDQPQHF,RPRGEVRFL,1
CASRPQGREETQYF,RPRGEVRFL,1
CASRPRDPVTQYF,LQPLALEGSLQKRG,1
CASRPRRDNEQFF,QPLALEGSLQKRG,1
CASRPSRGTNYGYTF,KLYGLDWAEL,1
CASRPWTGANEKLFF,MPYGYVLNEF,1
CASRQENSGNTIYF,NLVPMVATV,1
CASRQGNTGELFF,MTEYKLVVVGAGDVGKSALTIQLI,1
CASRQQGLGSPLHF,ELAGIGILTV,1
CASRRGPYEQYF,KLVALVINAV,1
CASRRGSAELYF,KLVALGINAV,1
CASRRLAGASYNEQFF,FRDYVDRFYKTLRAEQASQE,1
CASRRPGGDTEAFF,NLVPMVATV,1
CASRRQGRDNEQFF,RPRGEVRFL,1
CASRRQGTVYEQYF,NLVPMVATV,1
CASRSGSLNTEAFF,ELAGIGILTV,1
CASRSLGQGAEKLFF,ELAGIGILTV,1
CASRTDRFLGAFF,YLSFYTAEQL,1
CASRTGTHTDTQYF,PKYVKQNTLKLAT,1
CASRTLAGPNTGELFF,RPPIFIRRL,1
CASRTLRGHVSEAFF,ALQIPFAMQM,1
CASRTRGGTLIEQYF,IPLTEEAEL,1
CASRTTSGGASEQFF,YVLDHLIVV,1
CASRVGAGNTEAFF,TPRVTGGGAM,1
CASRVGTGNLYEQYF,TPRVTGGGAM,1
CASRWGQLTNYGYTF,ELAGIGILTV,1
CASRYQGLGQPQHF,ELAGIGILTV,1
CASRYRDDSYNEQFF,EENLLDFVRF,1
CASRYTGQETYEQYF,RAKFKQLL,1
CASSAASGTDTQYF,FLRGRAYGL,1
CASSADAGTSSEQFF,YYTSNPTTF,1
CASSADSNGELFF,IPSINVHHY,1
CASSADSYGANVLTF,NLVPMVATV,1
CASSAETQYF,KLVALGINAV,1
CASSAGDEQYF,CRVLCCYVL,1
CASSAGLDAEQYF,ASNENMETM,1
CASSAGNTIYF,VEELYLVAGEEGCGGGGSL,1
CASSAGRVSPGELFF,GLCTLVAML,1
CASSAGTSGEYEQYF,SGEGSFQPSQENP,1
CASSALAARTDTQYF,FRDYVDRFYKTLRAEQASQE,1
CASSALASLNEQFF,FLKEKGGL,1
CASSALFSGANVLTF,KASEKIFYV,1
CASSALGDEQYF,FIASNGVKLV,1
CASSANLAGDYNEQFF,NLVPMVATV,1
CASSANPGDSSNEKLFF,VMAPRTLIL,1
CASSANRGPDTEAFF,FGDVGSTLF,1
CASSAQEGRIEMNTEAFF,ALWEIQQVV,1
CASSAQGFGELFF,ALTPVVVTL,1
CASSARGGGNNEQFF,NLVPMVATV,1
CASSARSADTQYF,GILGFVFTL,1
CASSARSGELFF,HPVGEADYFEY,1
CASSARSSYEQYF,GILGFVFTL,1
CASSASTGRNQPQHF,DPPALASTNAEVT,1
CASSATGADQPQHF,ELAGIGILTV,1
CASSATGLSVTDTQYF,RAKFKQLL,1
CASSATGSNTGELFF,NLVPMVATV,1
CASSATSIYEQFF,GILGFVFTL,1
CASSAWDINTGELFF,IVTDFSVIK,1
CASSCQTGAACGYTF,NLVPMVATV,1
CASSDAGGRNTLYF,KAVANFATM,1
CASSDALQETQYF,NLVPMVATV,1
CASSDAPGQLYF,QLSDVPMDL,1
CASSDDRGFDTGELFF,EAAGIGILTV,1
CASSDDRGPYEQYF,KLVALGINAV,1
CASSDGAILPGELFF,GLCTLVAML,1
CASSDGDYEQYF,SPSYAYHQF,1
CASSDGIGQGASGYTF,NLVPMVATV,1
CASSDGQGGYGYTF,KLWAQCVQL,1
CASSDLANEQFF,YVLDHLIVV,1
CASSDLAQYLNTGELFF,SPRWYFYYL,1
CASSDLNSPLHF,RAKFKQLL,1
CASSDLPGAPTDTQYF,ILCETCLIV,1
CASSDLQGGGPGEQYF,ALYGFVPVL,1
CASSDPGTEAFF,GADGVGKSAL,1
CASSDPGVDRNTEAFF,NLVPMVATV,1
CASSDPTSPNEQFF,ELAGIGILTV,1
CASSDQETQYF,VAANIVLTV,1
CASSDQGGDNEQFF,ATGFKQSSKALQRPVAS,1
CASSDQGLGTEAFF,EAAGIGILTV,1
CASSDRGGGDEQFF,GILGFVFTL,1
CASSDRLENNEKLFF,NLVPMVATV,1
CASSDRNTNYGYTF,GLLDEDFYA,1
CASSDSGEAGELFF,NLVPMVATV,1
CASSDSRANTGELFF,NLVPMVATV,1
CASSDSTASSEQFF,ELAGIGILTV,1
CASSDSTSGGNEQFF,NLVPMVATV,1
CASSDSYGYTF,KLVALGINAV,1
CASSDTVSYEQYF,SLYNTVATL,1
CASSDWGDTGQLYF,SQLLNAKYL,1
CASSDWVSYEQYF,ALWGFFPVL,1
CASSDYSNQPQHF,ELAGIGILTV,1
CASSEALLGRANYGYTF,NLVPMVATV,1
CASSEARQGLDTEAFF,NLVPMVATV,1
CASSEARRYNEQFF,PSGEGSFQPSQENPQ,1
CASSEASGGFYNEQFF,IVTDFSVIK,1
CASSEDLLRDTHQPQHF,TLWCSPIKV,1
CASSEDSGGYNEQFF,NLVPMVATV,1
CASSEEPHEKYFF,FIASNGVKLV,1
CASSEFRTRGYTF,FRDYVDRFYKTLRAEQASQE,1
CASSEGDTEAFF,KLVALGINAV,1
CASSEGHFSGNTIYF,TLWCSPIKV,1
CASSEGLGGALYGYTF,NLVPMVATV,1
CASSEGLWQVGDEQYF,HMTEVVRHC,1
CASSEGMGQPQHF,ELAGIGILTV,1
CASSEGNVAPGELFF,GLCTLVAML,1
CASSEGQVSPGELFF,GLCTLVAML,1
CASSEGRETQYF,ALTPVVVTL,1
CASSEGRISPGELFF,GLCTLVAML,1
CASSEGRVLSGELFF,GLCTLVAML,1
CASSEGRVSPGELFF,GLCTLVAML,1
CASSEGYIYEQYF,NLVPMVATV,1
CASSEILGMNTEAFF,RPPIFIRRL,1
CASSELAGGGDTQYF,NLVPMVATV,1
CASSELASGTDTQYF,FRDYVDRFYKTLRAEQASQE,1
CASSELGRFIIQPQHF,GLCTLVAML,1
CASSELPAGGTNEQFF,RLARLALVL,1
CASSENQLMNTEAFF,ELAGIGILTV,1
CASSEPIGTGGNQPQHF,NLVPMVATV,1
CASSERAGELFF,ELAGIGILTV,1
CASSERGMVEAFF,KLYGLDWAEL,1
CASSESQGDYYGYTF,VLNGTVHPV,1
CASSESQTGDYEQYF,PKYVKQNTLKLAT,1
CASSESRSGNQPQHF,FMPDFDLHL,1
CASSETGGTEAFF,EAAGIGILTV,1
CASSEVGQGFNGYTF,VAANIVLTV,1
CASSEWTVDGYTF,RPRGEVRFL,1
CASSEWVFWSSYNSPLHF,VYALIAGATL,1
CASSFAALPGETEAFF,ELAGIGILTV,1
CASSFAANYEQYF,ELAGIGILTV,1
CASSFANYGYTF,NLVPMVATV,1
CASSFDGVYEQYF,GILGFVFTL,1
CASSFDPGSYGYTF,NLVPMVATV,1
CASSFDRGYGYTF,KVDPIGHVY,1
CASSFEAGQGFFSNQPQHF,FLKEKGGL,1
CASSFEETQYF,TAAQAAVVRFQEAAN,1
CASSFEPGQGFYSNQPQHF,FLKEKGGL,1
CASSFFGSNQPQHF,TLWCSPIKV,1
CASSFFSNTGELFF,RLARLALVL,1
CASSFGADTQYF,KLVALGINAV,1
CASSFGEGLVYNEQFF,ELAGIGILTV,1
CASSFGGAYEQYF,VQIISCQY,1
CASSFGGDGYNEQFF,RLPGVLPRA,1
CASSFGGGLQETQYF,CISSCNPNL,1
CASSFGGLGTEAFF,ELAGIGILTV,1
CASSFGGSQPQHF,ELAGIGILTV,1
CASSFGLGTEAFF,EAAGIGILTV,1
CASSFGQGSSPLHF,NLVPMVATV,1
CASSFGQRDRGYWRNTEAFF,NLVPMVATV,1
CASSFGQSSTYGYTF,GADGVGKSAL,1
CASSFGREQYF,SSLENFRAYV,1
CASSFGSGSTDTQYF,SSCMGGMNWR,1
CASSFGTESNQPQHF,STRQALRPRADGPVG,1
CASSFGTGGRVFF,RGYVYQGL,1
CASSFGTGNTLYF,IGYVYQGL,1
CASSFGTPSTDTQYF,FAMQMAYRF,1
CASSFGVNSDYTF,RGYVYQGL,1
CASSFGVNTGQLYF,KGYVYQGL,1
CASSFHINSDYTF,KGYVYQGL,1
CASSFIGGTDTQYF,YLEPGPVTV,1
CASSFKDTNTGELFF,NLVPMVATV,1
CASSFLGLNEQFF,NLVPMVATV,1
CASSFLGTGVEQYF,ALGIGILTV,1
CASSFLMTSGDPYEQYF,GVYDGREHTV,1
CASSFLTDTQYF,RLARLALVL,1
CASSFMQGDSPLHF,RAKFKQLL,1
CASSFNMATGQYF,EVDPIGHLY,1
CASSFPDTQYF,CRVLCCYVL,1
CASSFPGYGYTF,KIYSKHTPI,1
CASSFQGFTEAFF,NLVPMVATV,1
CASSFQGIRVEAFF,NLVPMVATV,1
CASSFQGLGQPQHF,ELAGIGILTV,1
CASSFQGSNEKLFF,RAKFKQLL,1
CASSFQGYTEAFF,NLVPMVATV,1
CASSFQTGASYGYTF,NLVPMVATV,1
CASSFRALAADTQYF,APQPELPYPQPGS,1
CASSFRDGTNTEVFF,RGYVYKGL,1
CASSFRDSGNTLYF,RGYVYKGL,1
CASSFRFTDTQYF,APQPELPYPQPGS,1
CASSFRGEGSYEQYF,RAKFKQLL,1
CASSFRGGKTQYF,IPLTEEAEL,1
CASSFRGQNTEAFF,ELAGIGILTV,1
CASSFRLAVKNEQFF,RPPIFIRRL,1
CASSFRLGQGHYGYTF,YVLDHLIVV,1
CASSFRQGSNTGELFF,TPRVTGGGAM,1
CASSFRQGTPTGELFF,TPRVTGGGAM,1
CASSFRQGVNTGELFF,TPRVTGGGAM,1
CASSFRSGINTGELFF,TPRVTGGGAM,1
CASSFRTVNSYEQYF,TPRVTGGGAM,1
CASSFRTVSSYEQYF,TPRVTGGGAM,1
CASSFRVATEVFF,KGYVYQGL,1
CASSFRVGNTLYF,KGYVYQGL,1
CASSFSGQGAATNEKLFF,RAKFKQLL,1
CASSFSGSLTTEAFF,RAKFKQLL,1
CASSFSLGAAGELFF,YVLDHLIVV,1
CASSFSLQYEQYF,ALLPGLPAA,1
CASSFSNDYEQYF,TLWCSPIKV,1
CASSFSPTAQGLEQYF,YPLHEQHGM,1
CASSFSSGSPHEQFF,ELAGIGILTV,1
CASSFSSNSYEQYF,PTDNYITTY,1
CASSFTGLGQPQHF,ELAGIGILTV,1
CASSFTGTFSYEQYF,EAAGIGILTV,1
CASSFTLGTGGVEQYF,NLVPMVATV,1
CASSFTWTSGGATDTQYF,FLRGRAYGL,1
CASSFVGEGYEQYF,RAKFKQLL,1
CASSFVSFDEQFF,NLVPMVATV,1
CASSFVTESNQPQHF,STRQALRPRADGPVG,1
CASSFYDWNTEAFF,EPLPQGQLTAY,1
CASSGEGAKTTNTEAFF,QIKVRVDMV,1
CASSGELRGAEKLFF,AVGSYVYSV,1
CASSGGAVAPSEQFF,GLCTLVAML,1
CASSGGHTGSNEQFF,APRGPHGGAASGL,1
CASSGGLEAFF,FRCPRRFCF,1
CASSGGTPYNSPLHF,DPPALASTNAEVT,1
CASSGLAGGMDEQFF,RFYKTLRAEQASQ,1
CASSGLAGGPVSGANVLTF,ALHGGWTTK,1
CASSGLAGVTGELFF,PGVLLKEFTVSGNIL,1
CASSGLGSGQPYEQYF,EAAGIGILTV,1
CASSGLNSPLHF,RAKFKQLL,1
CASSGQGAGTQYF,PGVLLKEFTVSGNIL,1
CASSGQGMGYTF,ELAGIGILTV,1
CASSGQGSSYNSPLHF,EEAAGIGILTVI,1
CASSGQGVGNEQFF,ELAGIGILTV,1
CASSGRGFLNYGYTF,NLVPMVATV,1
CASSGRSADTQYF,GILGFVFTL,1
CASSGRSTDTQYF,GILGFVFTL,1
CASSGRVTGGFYNEQFF,VQIISCQY,1
CASSGSAGGVWDNEQFF,RAKFKQLL,1
CASSGSSGGYYNEQFF,IVTDFSVIK,1
CASSGTHNEQFF,RPPIFIRRL,1
CASSGYTGELFF,KLVALGINAV,1
CASSHDPTWGPGNTIYF,NLVPMVATV,1
CASSHDYRGRRSPLHF,TPRVTGGGAM,1
CASSHERDRDTGELFF,NLVPMVATV,1
CASSHGAAAGETEAFF,NLVPMVATV,1
CASSHGASTDTQYF,APFSEQEQPVLG,1
CASSHGTGAPQYF,RGYVYQGL,1
CASSHGTGYNQPQHF,NLVPMVATV,1
CASSHHSGGIYNEQFF,FQDYIKSYL,1
CASSHQAGALYNEQFF,EVLPFFLFF,1
CASSHQGVGQPQHF,ELAGIGILTV,1
CASSHQTGELFF,NLVPMVATV,1
CASSHSRDSYNEQFF,NLVPMVATV,1
CASSHTSGNGDTQYF,NLVPMVATV,1
CASSHWDRETSGNTIYF,NLVPMVATV,1
CASSIAAVSLANYGYTF,ELAGIGILTV,1
CASSIAGNNEQFF,TLATHGLAAV,1
CASSIAGSAYEQYF,KLVALGINAV,1
CASSIALSDNYGYTF,KLVALGINAV,1
CASSIALSTFQPQHF,MQLFFSYFA,1
CASSIATTNTGELFF,FNNFTVSFWLRVPKVSASHLE,1
CASSIDAGSNYEQYF,NLVPMVATV,1
CASSIDGTAYEQYF,GLCTLVAML,1
CASSIEFDRGAPTEQYF,ELAGIGILTV,1
CASSIEGPTGELFF,VAANIVLTV,1
CASSIFGQREQYF,GILGFVFTL,1
CASSIFHTDTQYF,GILGFVFTL,1
CASSIFPNPGNTIYF,VAANIVLTV,1
CASSIGGPYEQYF,YLEPGPVTA,1
CASSIGHNTGELFF,KLVALGINAV,1
CASSIGIYGYTF,GILGFVFTL,1
CASSIGPALNTEAFF,TPRVTGGGAM,1
CASSIGQGPYEQYF,ALTPVVVTL,1
CASSIGQYEQYF,KLVALGINAV,1
CASSIGTGGSQPQHF,LPEPLPQGQLTAY,1
CASSIGVYGYTF,GILGFVFTL,1
CASSIHSETGVGSPLHF,TPRVTGGGAM,1
CASSIHSGGAVEQFF,GILGFVFTL,1
CASSIIYEQYF,PGVLLKEFTVSGNIL,1
CASSINRDLLNGYTF,NLVPMVATV,1
CASSIQKAGYNEQFF,NLVPMVATV,1
CASSIQQGADTQYF,HMTEVVRHC,1
CASSIRASNEQFF,GILGFVFTL,1
CASSIRASYEQYF,GILGFVFTL,1
CASSIRGSETQYF,GILGFVFTL,1
CASSIRNYSNQPQHF,DPPALASTNAEVT,1
CASSIRRIDPYNEQFF,KLVALGINAV,1
CASSIRSAHEQFF,GILGFVFTL,1
CASSIRSAWAQYF,GILGFVFTL,1
CASSIRSAYEQYF,YVLDHLIVV,1
CASSIRSEDTQYF,GILGFVFTL,1
CASSIRSGETQYF,GILGFVFTL,1
CASSIRSGGEQYF,GILGFVFTL,1
CASSIRSGVEQFF,GILGFVFTL,1
CASSIRSSHEQYF,GILGFVFTL,1
CASSIRSSNEQFF,GILGFVFTL,1
CASSIRSSYEQYF,GILGFVFTL,1
CASSIRSTDTQYF,GILGFVFTL,1
CASSIRSTGELFF,GLCTLVAML,1
CASSISAGGDGYTF,HYNYMCNSSCMGSMN,1
CASSISAGVGVGQETQYF,NLVPMVATV,1
CASSITLGTGGVEQYF,NLVPMVATV,1
CASSITLSSYNEQFF,ITDQVPFSV,1
CASSITPLGGDGYTF,EAAGIGILTV,1
CASSIVAGAGAGELFF,NLVPMVATV,1
CASSIVAGGYNEQFF,NLVPMVATV,1
CASSIVGAHTEAFF,IVTDFSVIK,1
CASSIVGGMNTEAFF,NLVPMVATV,1
CASSIVGGNEQFF,GILGFVFTL,1
CASSIVNEQFF,NLVPMVATV,1
CASSIVPGSPSRGYTF,NYMPYFFTL,1
CASSIVSQETQYF,GILGFVFTL,1
CASSIVSSSYNEQFF,VAANIVLTV,1
CASSIYSGPYNEQFF,GILGFVFTL,1
CASSIYSIEEQFF,GILGFVFTL,1
CASSKANGGSNQPQHF,GILGFVFTL,1
CASSKGPGGNYEQYF,NSKEETGHLENGN,1
CASSKGSVAPGELFF,GLCTLVAML,1
CASSKKGLSNEQFF,LPPAYTNSF,1
CASSKLGTSEETQYF,LPEPLPQGQLTAY,1
CASSKPSGINEQFF,ELAGIGILTV,1
CASSKQGRGTDTQYF,RAKFKQLL,1
CASSKRSTGELFF,GILGFVFTL,1
CASSKWTGGNQWFF,GLCTLVAML,1
CASSLAAGGYFNEQFF,VVVGADGVGK,1
CASSLADRVNTEAFF,VHFFKNIVTPRTPG,1
CASSLAEKANTGELFF,NLVPMVATV,1
CASSLAGAQQAFF,SPRWYFYYL,1
CASSLAGDYEQYF,NLVPMVATV,1
CASSLAGESSYNEQFF,VVMSWAPPV,1
CASSLAGFTGELFF,NLVPMVATV,1
CASSLAGGGEQFF,FLDEFMEGV,1
CASSLAGGSYEQYF,RLPGVLPRA,1
CASSLAGGSYNSPLHF,IVTDFSVIK,1
CASSLAGLADNEQFF,ELAGIGILTV,1
CASSLAGSKLYEQYF,EHEGSGPEL,1
CASSLALDEAFF,IPSINVHHY,1
CASSLALGVAKNIQYF,TPRVTGGGAM,1
CASSLAPGTTNEKLFF,NLVPMVATV,1
CASSLAPSYEQYF,RAKFKQLL,1
CASSLAQGGETQYF,QAFWIDLFETIG,1
CASSLAQGQPQHF,KLVALGINAV,1
CASSLAQQGLAEAFF,NLVPMVATV,1
CASSLARGFSDHTQYF,TPRVTGGGAM,1
CASSLARRQYGYTF,DPPALASTNAEVT,1
CASSLASGSNQPQHF,RVRFFFPSL,1
CASSLASPGHFTGELFF,NLVPMVATV,1
CASSLASRVGSPLHF,NLVPMVATV,1
CASSLASSGYTGELFF,YPLHEQHGM,1
CASSLASWGNEKLFF,RPRGEVRFL,1
CASSLAVEGVSRMNTEAFF,YVLDHLIVV,1
CASSLAVLSSYNEQFF,RAKFKQLL,1
CASSLAWALQDEQYF,ELAGIGILTV,1
CASSLAYILGLGDEQFF,NLVPMVATV,1
CASSLDAASVHYEQFF,EAAGIGILTV,1
CASSLDFSRQETQYF,WLIRETQPITK,1
CASSLDGTGREKLFF,FAMQMAYRF,1
CASSLDIGNNEQFF,FNNFTVSFWLRVPKVSASHLE,1
CASSLDIPSYNEQFF,NLVPMVATV,1
CASSLDLSSGANVLTF,YVLDHLIVV,1
CASSLDLYGYTF,NLVPMVATV,1
CASSLDPAGQGYEQYF,IPSINVHHY,1
CASSLDPGDTGELFF,HMTEVVRHC,1
CASSLDQGAQDNEQFF,YLYDRLLRV,1
CASSLDREDEQYF,TYDTVHRHL,1
CASSLDRKAFF,TLWCSPIKV,1
CASSLDRPSGMAAETQYF,NLVPMVATV,1
CASSLDSIASGNTIYF,VLEETSVML,1
CASSLDSQSSGNTIYF,VLEETSVML,1
CASSLDVDSYNEQFF,NLVPMVATV,1
CASSLEAGVSYEQYF,RPPIFIRRL,1
CASSLEETQYF,TAAQAAVVRFQEAAN,1
CASSLEGDVFFF,GLMWLSYFV,1
CASSLEGGYYNEQFF,IPSINVHHY,1
CASSLEGQGASEQFF,APMPMPELPYP,1
CASSLEGSYEQYF,KLVALGINAV,1
CASSLEGYTEAFF,NLVPMVATV,1
CASSLEIFGGIADTDTQYF,KIFGSLAFL,1
CASSLEIQGSGAFF,NLVPMVATV,1
CASSLELAAWETQYF,NLVPMVATV,1
CASSLERDGYTF,GQVELGGGNAVEVCK,1
CASSLEREGRGEQFF,KLVALGINAV,1
CASSLERETQYF,GQVELGGGNAVEVCKGS,1
CASSLESWGRAYNEQFF,NLVPMVATV,1
CASSLETGTNYEQYF,FNNFTVSFWLRVPKVSASHLE,1
CASSLETVNTEAFF,NLVPMVATV,1
CASSLEVGLAPNEQFF,RLPGVLPRA,1
CASSLEVTGLNTEAFF,NLVPMVATV,1
CASSLFAGAETQYF,NLVPMVATV,1
CASSLFGLAGVEETQYF,RLPGVLPRA,1
CASSLFRANTGQLYF,RGYVYEGL,1
CASSLFRASAETLYF,RGYVYEGL,1
CASSLFRAVQNTLYF,RGYVYEGL,1
CASSLFTDNRDGYTF,IPSINVHHY,1
CASSLFTDRRDGYTF,IPSINVHHY,1
CASSLFTGTNEQFF,QLCDVMFYL,1
CASSLGAANYNEQFF,NLVPMVATV,1
CASSLGAAPQETQYF,FYGKTILWF,1
CASSLGAGIVETQYF,ELAGIGILTV,1
CASSLGAGSDYTF,IGYVYQGL,1
CASSLGASTDTQYF,RPPIFIRRL,1
CASSLGDPNTEAFF,KLFEFLVYGV,1
CASSLGDRGNEKLFF,NSKEETGHLENGN,1
CASSLGDVDEYF,EAAGIGILTV,1
CASSLGEGRVDGYTF,GADGVGKSAL,1
CASSLGEKLFF,KLVALGINAV,1
CASSLGEPQHF,YPDKVFRSSV,1
CASSLGFLGPAAGNTIYF,NLVPMVATV,1
CASSLGGAGGADTQYF,RLQSLQTYV,1
CASSLGGDIQYF,KLVALGINAV,1
CASSLGGGAYEQYF,ALYGFVPVL,1
CASSLGGLGDTQYF,RPRGEVRFL,1
CASSLGGNLYEQYF,EFFWDANDIY,1
CASSLGGRRYEQYF,ALTPVVVTL,1
CASSLGGSYTF,VVMSWAPPV,1
CASSLGGTGWTEAFF,NLVPMVATV,1
CASSLGGYSPLHF,VVMSWAPPV,1
CASSLGHTEVFF,RGPGRAFVTI,1
CASSLGIDAIYF,TPQDLNTML,1
CASSLGLEAFF,FRCPRRFCF,1
CASSLGLENEQFF,GLCTLVAML,1
CASSLGLGVNNEQFF,RAKFKQLL,1
CASSLGLPGTDTQYF,GAVGVGKSAL,1
CASSLGNPSTDTQYF,EEAAGIGILTVI,1
CASSLGPSVYEQYF,ELAGIGILTV,1
CASSLGPVYEQYF,TLWCSPIKV,1
CASSLGQAYEQYF,FLRGRAYGL,1
CASSLGQGCSNQPQHF,FYGKTILWF,1
CASSLGQGEQFF,PKYVKQNTLKLAT,1
CASSLGQGHYNEQFF,MSQIMYNYPAMLGHA,1
CASSLGQGLLYGYTF,GTSGSPIVNR,1
CASSLGQGNSPLHF,NLVPMVATV,1
CASSLGQGSYEQYF,GTSGSPIVNR,1
CASSLGQKEQYF,ALTPVVVTL,1
CASSLGQTNYGYTF,GADGVGKSAL,1
CASSLGRASNQPQHF,GADGVGKSAL,1
CASSLGRDGVYF,RAKFKQLL,1
CASSLGREYGYTF,RMYSPVSIL,1
CASSLGRGQFF,KLVALGINAV,1
CASSLGRRGGPYNEQFF,LLEFYLAMPFATP,1
CASSLGRYNEQFF,YLEPGPVTA,1
CASSLGSGNYGYTF,IVTDFSVIK,1
CASSLGSSYEQYF,YLEPGPVTA,1
CASSLGTASTDTQYF,PTDNYITTY,1
CASSLGTESNQPQHF,STRQALRPRADGPVG,1
CASSLGTGELFF,NLVPMVATV,1
CASSLGTGGKQFF,RGYVYQGL,1
CASSLGTGGTGELFF,DFHFEVFNFVPCSI,1
CASSLGTGHNEQFF,RAKFKQLL,1
CASSLGTGSTDTQYF,SSCMGGMNWR,1
CASSLGTGTEVFF,KGYVYQGL,1
CASSLGTNTEVFF,IGYVYQGL,1
CASSLGTSFRTDTQYF,YVLDHLIVV,1
CASSLGVDAEQFF,RGYVYQGL,1
CASSLGVGDTQYF,RGYVYQGL,1
CASSLHDRGSRTEAFF,TPRVTGGGAM,1
CASSLHFEVEKLFF,YVLDHLIVV,1
CASSLHSRGARTEAFF,TPRVTGGGAM,1
CASSLHTQGARTEAFF,TPRVTGGGAM,1
CASSLIAGGPEAKNIQYF,SPRWYFYYL,1
CASSLIASGGYNEQFF,RAKFKQLL,1
CASSLIEGGTEAFF,PSPSMGRDIKVQFQS,1
CASSLIEGLEQYF,PSPSMGRDIKVQFQS,1
CASSLIENTEAFF,PSPSMGRDIKVQFQS,1
CASSLIEQQPQHF,PSPSMGRDIKVQFQS,1
CASSLIGAGGPDEQFF,TPRVTGGGAM,1
CASSLIGEGTGWHQYF,TPRVTGGGAM,1
CASSLIGGRNGYTF,NLVPMVATV,1
CASSLIGRDEQFF,EPLPQGQLTAY,1
CASSLIGVGLTDTQYF,TPRVTGGGAM,1
CASSLIGVSSYNEQFF,TPRVTGGGAM,1
CASSLIQVGYEQYF,TLWCSPIKV,1
CASSLITGDTEAFF,RLPGVLPRA,1
CASSLIYPGELFF,GILGFVFTL,1
CASSLKAGNQPQHF,NLVPMVATV,1
CASSLKGVSSYNEQFF,TPRVTGGGAM,1
CASSLKIGEQFF,NLVPMVATV,1
CASSLLGEKAYEQYF,RAKFKQLL,1
CASSLLGGAGTGELFF,NLVPMVATV,1
CASSLLGGLEAFF,ELAGIGILTV,1
CASSLLGGSTDTQYF,ELAGIGILTV,1
CASSLLGGWSEAFF,GILGFVFTL,1
CASSLLGHPSGELFF,RAKFKQLL,1
CASSLLGPGQPQHF,ELAGIGILTV,1
CASSLLGQDNSPLHF,RAKFKQLL,1
CASSLLGQYNSPLHF,RAKFKQLL,1
CASSLLGTENTEAFF,RAKFKQLL,1
CASSLLGVSYYNEQFF,NLVPMVATV,1
CASSLLIGANNEQFF,RAKFKQLL,1
CASSLLKAANYGYTF,APARLERRHSA,1
CASSLLPEGTGRVSGYTF,VYFFLPDHL,1
CASSLLPSGETQYF,ELAGIGILTV,1
CASSLLPYNALVSGTDTQYF,TPRVTGGGAM,1
CASSLLQGSDTQYF,ELAGIGILTV,1
CASSLMASFETQYF,ELAGIGILTV,1
CASSLMASGGYNEQFF,RAKFKQLL,1
CASSLMGGGNTIYF,RYGSFSVTL,1
CASSLMGNSPLHF,RAKFKQLL,1
CASSLMGVRDTEAFF,RAKFKQLL,1
CASSLMTAVYNSPLHF,ELAGIGILTV,1
CASSLMVNEQYF,FAMQMAYRF,1
CASSLNGRADTQYF,NLVPMVATV,1
CASSLNNANSDYTF,ADLIAYLKQATKG,1
CASSLNPNTEAFF,SPRWYFYYL,1
CASSLNSGHTQYF,QTNPVTLQY,1
CASSLNSGLYNEQFF,NLVPMVATV,1
CASSLNTGAGYGYTF,DFHFEVFNFVPCSI,1
CASSLNWSQDTQYF,PADPLAFFSSAIKGGGGSLV,1
CASSLPGTSGISQDTQYF,RAKFKQLL,1
CASSLPLGYEQYF,LAMPFATPM,1
CASSLPRGRDNEQFF,RAKFKQLL,1
CASSLPSGGAPGTGELFF,DFHFEVFNFVPCSI,1
CASSLQGASGYTF,NLVPMVATV,1
CASSLQGIGAKNIQYF,NLVPMVATV,1
CASSLQGLGQPQHF,EAAGIGILTV,1
CASSLQGLGTEAFF,ELAGIGILTV,1
CASSLQGMGQPQHF,ELAGIGILTV,1
CASSLQRGRTDTQYF,VLEETSVML,1
CASSLQVWNEQFF,NLVPMVATV,1
CASSLRDGSNQAPLF,RGYVYKGL,1
CASSLRDGYTGELFF,QHIRCNIPKRISA,1
CASSLRDRGNQPQHF,RLPGVLPRA,1
CASSLRGESSYNEQFF,TPRVTGGGAM,1
CASSLRGGQSYEQYF,MLYQHLLPL,1
CASSLRGNEQFF,YLAMPFATPMEAELARRSLA,1
CASSLRGQGFYEQFF,NLVPMVATV,1
CASSLRGRGDQPQHF,HSKKKCDEL,1
CASSLRSRAYEQYF,LTDEQRAAALEKAAA,1
CASSLRSRGYEQYF,LTDEQRAAALEKAAA,1
CASSLRSRSYEQYF,LTDEQRAAALEKAAA,1
CASSLRSSYEQYF,GILGFVFTL,1
CASSLRSTGELFF,GLCTLVAML,1
CASSLRTGQNTEAFF,DPPALASTNAEVT,1
CASSLRTVSSYEQYF,TPRVTGGGAM,1
CASSLSASGGATDTQYF,GQVELGGGNAVEVCKGS,1
CASSLSASTARYGYTF,TPRVTGGGAM,1
CASSLSAVHGYTF,NLVPMVATV,1
CASSLSFGTEAFF,ELAGIGILTV,1
CASSLSFRQGLREQYF,VVVGAVGVGK,1
CASSLSGGLLRTGELFF,FVVPYMIYLL,1
CASSLSGSYEQYF,SPRWYFYYL,1
CASSLSGVPHNNEQFF,NLVPMVATV,1
CASSLSGVTGVASYGYTF,ELAGIGILTV,1
CASSLSKVSQNTLYF,RGYVYEGL,1
CASSLSNEGNEQYF,EAAGIGILTV,1
CASSLSPELETQYF,PKYVKQNTLKLAT,1
CASSLSQGDQPQHF,PKYVKQNTLKLAT,1
CASSLSQGIQNIQYF,RPPIFIRRL,1
CASSLSQGIYYEQYF,RLPGVLPRA,1
CASSLSRALNNQAPLF,RGYVYDGL,1
CASSLSRASGNTLYF,RGYVYDGL,1
CASSLSRASQNTLYF,RGYVYEGL,1
CASSLSRTLNSDYTF,RGYVYEGL,1
CASSLSSGNYYGYTF,LLEFYLAMPFATP,1
CASSLSSLIVDTQYF,ELAGIGILTV,1
CASSLSSPGNQPQHF,RAKFKQLL,1
CASSLSTAEAFF,NLVPMVATV,1
CASSLSTGFQETQYF,EAAGIGILTV,1
CASSLSVSTSLDTQYF,YVLDHLIVV,1
CASSLSWGGFYNEQFF,TPRVTGGGAM,1
CASSLSWGSSYNEQFF,RVSTLRVSL,1
CASSLSYLNEQFF,VYALIAGATL,1
CASSLTAPGIQPQHF,RAKFKQLL,1
CASSLTDPLDSDYTF,VVVGADGVGK,1
CASSLTGAGDQPQHF,RAKFKQLL,1
CASSLTGGGELFF,TAFTIPSI,1
CASSLTGGGYEQYF,LLFNKVTLA,1
CASSLTGGTYEQYF,RPPIFIRRL,1
CASSLTGPGDQPQHF,RAKFKQLL,1
CASSLTGQETQYF,NLVPMVATV,1
CASSLTLLGNNEQYF,RAKFKQLL,1
CASSLTPPGSYNEQFF,RLPGVLPRA,1
CASSLTRTGGQNTLYF,RGYVYEGL,1
CASSLTSATGELFF,AVFDRKSDAK,1
CASSLTSGGFDEQFF,VVGAVGVGK,1
CASSLTTGIQYF,YVLDHLIVV,1
CASSLTTPPSTDTQYF,ELAGIGILTV,1
CASSLTVAGDTEAFF,RAKFKQLL,1
CASSLVAETYEQYF,ALHGGWTTK,1
CASSLVGGPSVQFF,NLVPMVATV,1
CASSLVGGRHGYTF,NLVPMVATV,1
CASSLVGTGELFF,NLVPMVATV,1
CASSLVGTGGSYEQYF,NLVPMVATV,1
CASSLVGTNIQYF,YLAMPFATPMEAELARRSLA,1
CASSLVGVGLLLNEQYF,TPRVTGGGAM,1
CASSLVLSSPTYEQYF,RAKFKQLL,1
CASSLVNGLGYTF,SMGVTYEM,1
CASSLVNTEAFF,HYNYMCNSSCMGSMN,1
CASSLVSGGWTEAFF,VLEETSVML,1
CASSLVSPSEQFF,YLSNIIPAL,1
CASSLVSSGANVLTF,RAKFKQLL,1
CASSLVTGEGLGEQFF,RAKFKQLL,1
CASSLVTGTGKYGYTF,NLVPMVATV,1
CASSLVVAGGPMSEQFF,EPLPQGQLTAY,1
CASSLVVMGTGFTDTQYF,NLVPMVATV,1
CASSLWAGGLYEQFF,RAKFKQLL,1
CASSLWAGNTIYF,ALLPGLPAA,1
CASSLWEKLAKNIQYF,ALWGPDPAAA,1
CASSLWIQETQYF,RAKFKQLL,1
CASSLWLNEQFF,NLVPMVATV,1
CASSLWSAGVHNEQFF,KLVALGINAV,1
CASSLYLASNTGELFF,WLIRETQPITK,1
CASSLYRANTGQLYF,RGYVYEGL,1
CASSLYRGKETQYF,RILLVAASY,1
CASSLYRGTGELFF,FMPDFDLHL,1
CASSLYRNNQAPLF,RGYVYEGL,1
CASSLYRTGRNSDYTF,RGYVYEGL,1
CASSLYSDTQYF,YVLDHLIVV,1
CASSMFGGNEQFF,GILGFVFTL,1
CASSMGANEQFF,KLVALGINAV,1
CASSMGGEQYF,KLVALGINAV,1
CASSMGGNPEQYF,KLVALGINAV,1
CASSMGGTYEQYF,ITDQVPFSV,1
CASSMGSYGYTF,GILGFVFTL,1
CASSMGTVYLNTEAFF,NLVPMVATV,1
CASSMLLGGGQPQHF,YVLDHLIVV,1
CASSMRSADTQYF,GILGFVFTL,1
CASSMRSTGELFF,GILGFVFTL,1
CASSMRVQSNTGELFF,GLLDEDFYA,1
CASSMSAMGTEAFF,FEDLRVLSF,1
CASSMTGLGQPQHF,ELAGIGILTV,1
CASSNFLGQGDEKLFF,NLVPMVATV,1
CASSNGYGNQPQHF,ALYGFVPVL,1
CASSNQLVTGGYGYTF,MTEYKLVVVGARGVGKSALTIQLI,1
CASSNRAGNEQFF,YVLDHLIVV,1
CASSNRDRGDYEQYF,TPRVTGGGAM,1
CASSNRGLGTDTQYF,GPQQSFPEQEA,1
CASSNRGYDEQYF,TEDEHFEFY,1
CASSPAALSGAYEQYF,ELAGIGILTV,1
CASSPADPFSNTQYF,KLVALGINAV,1
CASSPAGGAVLQAFF,QYIKWPWYI,1
CASSPAPSASSYEQYF,KLVALGINAV,1
CASSPAQGDEQYF,VYAWNRKRI,1
CASSPARDGGGNEQFF,LLEFYLAMPFATP,1
CASSPARNTEAFF,RPHERNGFTV,1
CASSPASGSLFF,NLVPMVATV,1
CASSPDDRESSYNEQFF,MLAKALRKV,1
CASSPDIEQYF,YLQPRTFLL,1
CASSPDYDQETQYF,NLVPMVATV,1
CASSPEETQYF,TAAQAAVVRFQEAAN,1
CASSPEQGGQPQHF,ELAGIGILTV,1
CASSPFLTGSNTEAFF,VAANIVLTV,1
CASSPFRGSQNTLYF,RGYVYEGL,1
CASSPGAGLYNEQFF,YVLDHLIVV,1
CASSPGALNTEAFF,ELAGIGILTV,1
CASSPGASYEQYF,ESITGSLGPLL,1
CASSPGDEQFF,CRVLCCYVL,1
CASSPGDEQYF,CRVLCCYVL,1
CASSPGDTQYF,CRVLCCYVL,1
CASSPGGELFF,KLVALGINAV,1
CASSPGGGAYEQYF,LLEFYLAMPFATP,1
CASSPGGGMNTEAFF,NLVPMVATV,1
CASSPGLAYYEQYF,ELAGIGILTV,1
CASSPGLTYPGELFF,GLCTLVAML,1
CASSPGNILYGYTF,NLVPMVATV,1
CASSPGPNQPQHF,YHSIEWA,1
CASSPGQGHYNEQFF,MSQIMYNYPAMLGHA,1
CASSPGQGNPEAFF,LLEFYLAMPFATP,1
CASSPGQGSPLHF,ELAGIGILTV,1
CASSPGQGVTPLHF,RAKFKQLL,1
CASSPGQLQETQYF,NLVPMVATV,1
CASSPGQVTPLHF,RAKFKQLL,1
CASSPGREQYF,HQNPVTGLLL,1
CASSPGRNTEAFF,RPHERNGFTVL,1
CASSPGSPSSYEQYF,DPPALASTNAEVT,1
CASSPGTESNQPQHF,STRQALRPRADGPVG,1
CASSPGTESNSPLHF,STRQALRPRADGPVG,1
CASSPGTFRYTF,NLVPMVATV,1
CASSPGTGQAPLF,RGYVYQGL,1
CASSPGTGSYEQYF,RAKFKQLL,1
CASSPGTLADTQYF,ELAGIGILTV,1
CASSPGTLSAGELFF,GLCTLVAML,1
CASSPGTLSDTQYF,ELAGIGILTV,1
CASSPGTPRDEQFF,CRVLCCYVL,1
CASSPGTSGGGDEETQYF,RAKFKQLL,1
CASSPGTSGVGEQFF,FRDYVDRFYKTLRAEQASQE,1
CASSPGTVKETQYF,EMLFSHGLVK,1
CASSPGVGTEAFF,EFTVSGNIL,1
CASSPGVGTEVFF,RGYVYQGL,1
CASSPGVLANEQYF,ELAGIGILTV,1
CASSPGYGSSGNTIYF,NLVPMVATV,1
CASSPHAGGVDEKLFF,EEAAGIGIL,1
CASSPHRASQNTLYF,RGYVYEGL,1
CASSPHRNTEAFF,RPHERNGFTV,1
CASSPIKDTRQEYTGELFF,FTSDYYQLY,1
CASSPISNEQFF,CRVLCCYVL,1
CASSPISNEQYF,CRVLCCYVL,1
CASSPITRIVGDTQYF,RAKFKQLL,1
CASSPKTGASYGYTF,NLVPMVATV,1
CASSPLDVSISSYNEQFF,SLSKILDTV,1
CASSPLIGTSGTEAFF,RAKFKQLL,1
CASSPLRGVYYNEQFF,NLVPMVATV,1
CASSPLRPSYEQYF,PGVLLKEFTVSGNIL,1
CASSPLTDTQYF,RAKFKQLL,1
CASSPLTGGQTDTQYF,PKYVKQNTLKLAT,1
CASSPLTGQGLGGAYEQYF,SPRWYFYYL,1
CASSPLTGTGVYGYTF,NLVPMVATV,1
CASSPNPQGANMDTQYF,RSGGFSFGK,1
CASSPNRNTEAFF,RPHERNGFTVL,1
CASSPNRVYGYTF,LLEFYLAMPFATP,1
CASSPPGLPGYTF,NLVPMVATV,1
CASSPPGLSGNIQYF,ELAGIGILTV,1
CASSPPGPTGRGWYDTF,RAKFKQLL,1
CASSPPGRGNTGELFF,NLVPMVATV,1
CASSPPGRYYEQYF,FLIYLDVSV,1
CASSPPGTSGGRNEQFF,NLVPMVATV,1
CASSPPLGLHTGELFF,YVLDHLIVV,1
CASSPQGDNEQFF,RLARLALVL,1
CASSPQRNTEAFF,RPHERNGFTVL,1
CASSPQRTSGRADEQFF,ELAGIGILTV,1
CASSPQTGVGNYGYTF,NLVPMVATV,1
CASSPRDEQFF,RLGEVRHPV,1
CASSPRNLGPSGSYEQYF,KLYGLDWAEL,1
CASSPRPLEGLYGYTF,YLSHLPLTCKF,1
CASSPRRVSQNTLYF,RGYVYDGL,1
CASSPRSNQPQHF,GILGFVFTL,1
CASSPRTSFETQYF,NLVPMVATV,1
CASSPSDYGYTF,NLVPMVATV,1
CASSPSGLAGSNLGNEQFF,RMEQVDWTV,1
CASSPSGPWPQYF,GILGFVFTL,1
CASSPSKPGDNEQFF,RAKFKQLL,1
CASSPSLQVAQHF,ALYGFVPVL,1
CASSPSLVGSADTQYF,YVLDHLIVV,1
CASSPSQGGNTEAFF,ELAGIGILTV,1
CASSPSREGYTF,NLVPMVATV,1
CASSPSRNTEAFF,RPHERNGFTV,1
CASSPSSVADTQYF,GILGFVFTL,1
CASSPSTGTIYGYTF,NLVPMVATV,1
CASSPSWGEVNTEAFF,NLVPMVATV,1
CASSPSWLSGVTQYF,VAANIVLTV,1
CASSPSYNEQFF,RLITGRLQSL,1
CASSPTDRGNTGELFF,NLVPMVATV,1
CASSPTGAGNQPQHF,RAKFKQLL,1
CASSPTGGSPSPLHF,NLVPMVATV,1
CASSPTGVGEQFF,GILGFVFTL,1
CASSPTLVTSGNTIYF,NLVPMVATV,1
CASSPTLYNEQFF,VYALIAGATL,1
CASSPTNPAGDTETQYF,RPPIFIRRL,1
CASSPTRNTEAFF,RPHERNGFTVL,1
CASSPTSGEYNEQFF,RAKFKQLL,1
CASSPTSGIYEQYF,RFPLTFGWCF,1
CASSPTTGTGHYGYTF,NLVPMVATV,1
CASSPVGGDYGYTF,NLVPMVATV,1
CASSPVGGSMAKNIQYF,VLEETSVML,1
CASSPVGIDEQYF,GILGFVFTL,1
CASSPVGWGNTIYF,AALPILFQV,1
CASSPVSNEQFF,CRVLCCYVL,1
CASSPVTGGIYGYTF,NLVPMVATV,1
CASSPVTGTGHYGYTF,NLVPMVATV,1
CASSPVYGVAYEQYF,RLLQCTQQAV,1
CASSPWASGTQETQYF,RAKFKQLL,1
CASSPWTGIPYNSPLHF,VAANIVLTV,1
CASSPWTPTTDTQYF,VVMSWAPPV,1
CASSPYGIDEQYF,RAKFKQLL,1
CASSPYGQFYEQYF,NLVPMVATV,1
CASSPYPRGGTGELFF,KLVALGINAV,1
CASSPYQTGLDGYTF,RPRGEVRFL,1
CASSPYRGGNQAPLF,RGYVYEGL,1
CASSQAALAGFGYEQYF,RPHERNGFTV,1
CASSQAGGTGELFF,GEEDGAGGHSL,1
CASSQAGQGNSPLHF,RAKFKQLL,1
CASSQAHGLFSYEQYF,ELAGIGILTV,1
CASSQAISDREVWDQETQYF,RLPGVLPRA,1
CASSQALPYEQYF,NLVPMVATV,1
CASSQAPSMEPNEQFF,NLVPMVATV,1
CASSQAQGMGNSPLHF,RAKFKQLL,1
CASSQDELAASTDTQYF,EAAGIGILTV,1
CASSQDLFTGGYTF,RPPIFIRRL,1
CASSQDPGSSYNEQFF,AAFKRSCLK,1
CASSQDPLLEGYSYNEQFF,NLNCCSVPV,1
CASSQDRDTQYF,VMAPRTLIL,1
CASSQDRGGAETQYF,ELAGIGILTV,1
CASSQDRGIGYGYTF,LLQCTQQAV,1
CASSQDRLTGGYTF,RPPIFIRRL,1
CASSQDRSGGATDTQYF,VYFLQSINF,1
CASSQDRYTGGYTF,RPPIFIRRL,1
CASSQDSHSTSTDTQYF,KASEKIFYV,1
CASSQDVTSEWVDTIYF,AVGVGKSAL,1
CASSQEAGGETQYF,ELAGIGILTV,1
CASSQEALGGRVDTQYF,ELAGIGILTV,1
CASSQEDLTSGTNEQFF,GILGFVFTL,1
CASSQEDNEQFF,AVGVGKSAL,1
CASSQEFVGAVLDTQYF,TLREIRRYQK,1
CASSQEGDRVTEAFF,RLITGRLQSL,1
CASSQEGGAFVDTQYF,ELAGIGILTV,1
CASSQEGTAYEQYF,VAANIVLTV,1
CASSQEGTGSYEQYF,AVFDRKSDAK,1
CASSQEQEPHQETQYF,RLITGRLQSL,1
CASSQESLAGNEQFF,ELAGIGILTV,1
CASSQETDLRSQPQHF,VLEETSVML,1
CASSQETGSASQHF,RPPIFIRRL,1
CASSQETGSYEQFF,RPPIFIRRL,1
CASSQETGSYEQYF,RPPIFIRRL,1
CASSQETQYF,KLVALGINAV,1
CASSQFPLTGGNTEAFF,GILGFVFTL,1
CASSQGALTGQPQHF,YPLHEQHGM,1
CASSQGDWGGSQPQHF,EAAGIGILTV,1
CASSQGFGANVLTF,AAFKRSCLK,1
CASSQGGDEQFF,ALYGFVPVL,1
CASSQGIGAEQFF,RGYVYQGL,1
CASSQGLAEWDEQFF,IPSINVHHY,1
CASSQGLAGAGELFF,ELAGIGILTV,1
CASSQGLAGEVYTGELFF,NLVPMVATV,1
CASSQGPNLQETQYF,RAKFKQLL,1
CASSQGQDTEAFF,QPFPQPEQPFP,1
CASSQGQLSSYNEQFF,ELAGIGILTV,1
CASSQGSYEQYF,KLVALGINAV,1
CASSQGTGGGYGYTF,RAKFKQLL,1
CASSQGTPRDEQYF,CRVLCCYVL,1
CASSQGVGENTEAFF,RAKFKQLL,1
CASSQGVLAGEQFF,ELAGIGILTV,1
CASSQGYEQYF,KLFEFLVYGV,1
CASSQHDRGFSTEAFF,TPRVTGGGAM,1
CASSQIQGAVAGELFF,ELAGIGILTV,1
CASSQIRETQYF,GELIGILNAAKVPAD,1
CASSQIVTSAAQYF,RAKFKQLL,1
CASSQLGQSETQYF,RAKFKQLL,1
CASSQNYEQYF,ALDPHSGHFV,1
CASSQQETYEQYF,NLVPMVATV,1
CASSQQGLGQPQHF,EAAGIGILTV,1
CASSQQGLGTEAFF,ELAGIGILTV,1
CASSQQTGTIGGYTF,NLVPMVATV,1
CASSQRQEGDTQYF,APRGPHGGAASGL,1
CASSQRSTDTQYF,GILGFVFTL,1
CASSQRSTGELFF,GILGFVFTL,1
CASSQSGTLYGYTF,EEAAGIGILTVI,1
CASSQSIGGELFF,RAKFKQLL,1
CASSQSPGGFQYF,GLCTLVAML,1
CASSQSPGGIAFF,GLCTLVAML,1
CASSQSPGGIQYF,GLCTLVAML,1
CASSQSPGGTQYF,GLCTLVAML,1
CASSQSTVRYGYTF,LLEFYLAMPFATP,1
CASSQTLAGGGETQYF,YVLDHLIVV,1
CASSQTQLWETQYF,NLVPMVATV,1
CASSQTRTSGRVDPDTQYF,NLVPMVATV,1
CASSQTTSVNTEAFF,RAKFKQLL,1
CASSQVAGGAGGPREYNEQFF,NLVPMVATV,1
CASSQVEKGRETQYF,FLDEFMEGV,1
CASSQVGMTTGELFF,ELAGIGILTV,1
CASSQVGQNLYEQYF,KLVALGINAV,1
CASSQVGTVYGYTF,NLVPMVATV,1
CASSQVQGTSGGEQYF,RAKFKQLL,1
CASSQVRGGYEQFF,RAKFKQLL,1
CASSQVRGRGEQYF,RAKFKQLL,1
CASSQVRLNTEAFF,KLVALGINAV,1
CASSQVSGYEQYF,RLARLALVL,1
CASSQWDNQPQHF,WMRLLPLL,1
CASSQWSNEKLFF,NLVPMVATV,1
CASSQYAVRVGDTEAFF,FLIYLDVSV,1
CASSQYEVQETQYF,ELAGIGILTV,1
CASSRANYEQYF,SIINFEKL,1
CASSRDFVSNEQYF,TMDFYQGQL,1
CASSRDLGRDTQYF,ASNENMETM,1
CASSRDRTGRANYGYTF,NLVPMVATV,1
CASSRDSALWISTDTQYF,ELAGIGILTV,1
CASSRDSNSNQPQHF,NLVPMVATV,1
CASSRDTVNTEAFF,LMDMHNGQL,1
CASSRDWGPAEQFF,VVGAVGVGK,1
CASSRENSNQPQHF,IPSINVHHY,1
CASSRGDTEAFF,KLVALGINAV,1
CASSRGHPLQFF,NLVPMVATV,1
CASSRGQGIDTQYF,ELAGIGILTV,1
CASSRGQGPGQETQYF,NLVPMVATV,1
CASSRGQGSADTQYF,YVLDHLIVV,1
CASSRGTESNTEAFF,STRQALRPRADGPVG,1
CASSRGTGEGYEQYF,RAKFKQLL,1
CASSRGTIHSNTEVFF,ASNENMETM,1
CASSRGTLHYGYTF,FYGKTILWF,1
CASSRLAGGMDEQFF,RFYKTLRAEQASQ,1
CASSRLDRDSYEQYF,RAKFKQLL,1
CASSRPGTSAFPYEQYF,GILGFVFTL,1
CASSRQESYGYTF,NLVPMVATV,1
CASSRRSGGDEQFF,GILGFVFTL,1
CASSRRSSGELFF,ELAGIGILTV,1
CASSRRTSGGADTQYF,FRDYVDRFYKTLRAEQASQE,1
CASSRRTSGGSDTQYF,FRDYVDRFYKTLRAEQASQE,1
CASSRRTSGGTDTQYF,FRDYVDRFYKTLRAEQASQE,1
CASSRSLNVNSNQPQHF,KLVALGINAV,1
CASSRSPDTQYF,ELAGIGILTV,1
CASSRSTGGSGNTIYF,GEEDGAGGHSL,1
CASSRTDDTEAFF,RAKFKQLL,1
CASSRTGLPGNEQFF,FRDYVDRFYKTLRAEQASQE,1
CASSRTGSTYEQYF,LPEPLPQGQLTAY,1
CASSRTSATGELFF,AVFDRKSDAK,1
CASSRTSGGFYNEQFF,IVTDFSVIK,1
CASSRTSPTDTQYF,KQWLVWLFL,1
CASSSAFYGYTF,NLVPMVATV,1
CASSSAGGPHLRDEQFF,ELAGIGILTV,1
CASSSAHYGYTF,MLAKALRKV,1
CASSSANYGYTF,NLVPMVATV,1
CASSSASYGYTF,NLVPMVATV,1
CASSSATYGYTF,NLVPMVATV,1
CASSSAYYGYTF,NLVPMVATV,1
CASSSDPSGSIAYEQYF,RAKFKQLL,1
CASSSETELLYYGYTF,NLVPMVATV,1
CASSSFLMTGLNEQFF,EAAGIGILTV,1
CASSSFYDSNEKLFF,NLVPMVATV,1
CASSSGATEAFF,KLVALGINAV,1
CASSSGGGNEQFF,NLNCCSVPV,1
CASSSGGLSEQYF,NLVPMVATV,1
CASSSGGWGGGTEAFF,APFSEQEQPVLG,1
CASSSGIYGYTF,NLVPMVATV,1
CASSSGLAGEQFF,TLWCSPIKV,1
CASSSGLAGVETGELFF,NLVPMVATV,1
CASSSGLTNTEAFF,CRVLCCYVL,1
CASSSGLVAPGELFF,GLCTLVAML,1
CASSSGQAYEQYF,FLRGRAYGL,1
CASSSGQKNTEAFF,CRVLCCYVL,1
CASSSGTESNQPQHF,STRQALRPRADGPVG,1
CASSSGTSGSGSYNEQFF,NLVPMVATV,1
CASSSGVGTEVFF,IGYVYQGL,1
CASSSHAGGNTEAFF,GILGFVFTL,1
CASSSHDRDGGYSPLHF,TPRVTGGGAM,1
CASSSHDRQGASSPLHF,TPRVTGGGAM,1
CASSSHDRQGQNSPLHF,TPRVTGGGAM,1
CASSSHDTGGYNSPLHF,TPRVTGGGAM,1
CASSSHDYRGRRSPLHF,TPRVTGGGAM,1
CASSSHERQGQNSPLHF,TPRVTGGGAM,1
CASSSHVINQFF,RAKFKQLL,1
CASSSLDGRLGYTF,LPPAYTNSF,1
CASSSLNTEAFF,RAKFKQLL,1
CASSSLPGGTEAFF,NLVPMVATV,1
CASSSLQGNGQPQHF,YVLDHLIVV,1
CASSSLRGSNQPQHF,YVLDHLIVV,1
CASSSLTGSGQPQHF,YVLDHLIVV,1
CASSSLTGTGYNEQFF,NLVPMVATV,1
CASSSMTSGIRYEQYF,SPRWYFYYL,1
CASSSMVAGEYEQFF,RAKFKQLL,1
CASSSNRDRNTIYF,RAKFKQLL,1
CASSSPDRGGTNEKLFF,RLITGRLQSL,1
CASSSPGASTYEQYF,KLVALGINAV,1
CASSSPGDYTYEQYF,YVLDHLIVV,1
CASSSPGGRGNTEAFF,YVLDHLIVV,1
CASSSPGGVSTEAFF,SLLMWITQV,1
CASSSPHRDSYSPLHF,KLVALGINAV,1
CASSSPRSSRDTDTQYF,VLLGVKLFGV,1
CASSSPSLADNNEQFF,PKYVKQNTLKLAT,1
CASSSQGFYNIQYF,DPPALASTNAEVT,1
CASSSQGGYGYTF,KVDPIGHVY,1
CASSSQGWGRVYSEQFF,NLVPMVATV,1
CASSSRAAYEQYF,GILGFVFTL,1
CASSSRASYEQYF,GILGFVFTL,1
CASSSRDLGEYEQYF,TPRVTGGGAM,1
CASSSRDRGPHGQYF,TPRVTGGGAM,1
CASSSRDYEQYF,SCMGGMNWRPILTII,1
CASSSRGTVNTEAFF,TPRVTGGGAM,1
CASSSRHEGEDTEAFF,KLVALGINAV,1
CASSSRSSYEQYF,GILGFVFTL,1
CASSSRTGDQETQYF,NLVPMVATV,1
CASSSSALEDPEQYF,FLLNKEMYL,1
CASSSSFPGGGNEQFF,NLVPMVATV,1
CASSSSGTSGVYEQYF,ELAGIGILTV,1
CASSSSWADTQYF,KLVALGINAV,1
CASSSSWGYGYTF,TPRVTGGGAM,1
CASSSSYSNQPQHF,APRGPHGGAASGL,1
CASSSTGADSHEQFF,RHDLPPYRVYL,1
CASSSTGALYEQYF,KLSHQLVLL,1
CASSSTGLPYGYTF,PKYVKQNTLKLAT,1
CASSSTGPGNSPLHF,RAKFKQLL,1
CASSSTGRDTDTQYF,RAKFKQLL,1
CASSSTGVGQPQHF,ELAGIGILTV,1
CASSSTPLSTDTQYF,RPRGEVRFL,1
CASSSTRGWADTQYF,KLTESLHKV,1
CASSSTSGAQGDTQYF,ELAGIGILTV,1
CASSSTTGYTF,NLVPMVATV,1
CASSSVDEAFF,NLVPMVATV,1
CASSSVGVDTQYF,VAANIVLTV,1
CASSSVNEAFF,NLVPMVATV,1
CASSSVNEQFF,NLVPMVATV,1
CASSSVNEQYF,NLVPMVATV,1
CASSSVNGAFF,NLVPMVATV,1
CASSSVNVAFF,NLVPMVATV,1
CASSSVSEAFF,NLVPMVATV,1
CASSSWDTGELFF,RYPLTFGWCF,1
CASSTDSVDEQFF,RPRGEVRFL,1
CASSTGDSNQPQHF,EPLPQGQLTAY,1
CASSTGFYGYTF,GILGFVFTL,1
CASSTGIYGYTF,GILGFVFTL,1
CASSTGNYGYTF,GILGFVFTL,1
CASSTGQKNTEAFF,CRVLCCYVL,1
CASSTGQVSPGELFF,GLCTLVAML,1
CASSTGRVAPGELFF,GLCTLVAML,1
CASSTGSNTGELFF,RIRGGDGKM,1
CASSTGSYGYTF,NLVPMVATV,1
CASSTGTESNQPQHF,STRQALRPRADGPVG,1
CASSTHSGGNNEQFF,GILGFVFTL,1
CASSTMGDYYEQYF,ALLLQLFTL,1
CASSTPTSGVNTGELFF,RAKFKQLL,1
CASSTQGQPQHF,VVMSWAPPV,1
CASSTQTELPQHF,PGVLLKEFTVSGNIL,1
CASSTRATGELFF,GILGFVFTL,1
CASSTRDRGYEQYF,ELAGIGILTV,1
CASSTRGGGDAKNIQYF,NLVPMVATV,1
CASSTRPGTEAFF,LLEFYLAMPFATP,1
CASSTRSSYEQYF,YVLDHLIVV,1
CASSTRSTGELFF,NLVPMVATV,1
CASSTRVVAGNNEQFF,FYGKTILWF,1
CASSTSAANQPQHF,GILGFVFTL,1
CASSTSTGQGWHYGYTF,MLIGIPVYV,1
CASSTTGKRGEQYF,LLEFYLAMPFATP,1
CASSTTPGTGTETQYF,PSGEGSFQPSQENPQ,1
CASSTTRAGDQPQHF,RAKFKQLL,1
CASSTVSLDTQYF,GILGFVFTL,1
CASSVAGGDEQFF,GLCTLVAML,1
CASSVAGGGQETQYF,VVVGAVGVGK,1
CASSVAGGLYEQFF,VYIGDPAQL,1
CASSVAGTPSYEQYF,QPQQSFPEQEA,1
CASSVAIWRGSYNEQFF,KLVALGINAV,1
CASSVALAGAEYF,MHVSFVMAYPEMLAA,1
CASSVALASGANVLTF,MHVSFVMAYPEMLAA,1
CASSVALATGEQYF,MHVSFVMAYPEMLAA,1
CASSVALQGVHTQYF,MHVSFVMAYPEMLAA,1
CASSVAPGSDTQYF,APSGEGSFQPSQENPQ,1
CASSVAPGSEGEAFF,PKYVKQNTLKLAT,1
CASSVAPSGVGTQYF,LLEFYLAMPFATP,1
CASSVASGTDTQYF,FLRGRAYGL,1
CASSVAVSAGTYEQYF,SGEGSFQPSQENP,1
CASSVDSGSTNEQFF,NLVPMVATV,1
CASSVDVAGGYNEQFF,NLVPMVATV,1
CASSVEAEGFGAPISPPEAFF,IPSINVHHY,1
CASSVEGGGAKETQYF,KLVALGINAV,1
CASSVEGIDEKLFF,KLVALGINAV,1
CASSVEGQGDTEAFF,NLVPMVATV,1
CASSVEGVADEQYF,AVGSYVYSV,1
CASSVEGVADTQYF,AVGSYVYSV,1
CASSVELAGTYEQYF,KLVALGINAV,1
CASSVERENTGELFF,WSYDSTLLAY,1
CASSVEVGTGDNEQFF,NLVPMVATV,1
CASSVGDWAQGNTIYF,IVTDFSVIK,1
CASSVGGGGSTDTQYF,FPQSAPHGVVF,1
CASSVGGGNTGELFF,ELAGIGILTV,1
CASSVGGGVTDTQYF,MVNTVAGAMK,1
CASSVGGPYTGELFF,NLVPMVATV,1
CASSVGLGFTDTQYF,NLVPMVATV,1
CASSVGNGASTDTQYF,FRNEGIHL,1
CASSVGPDGSNQPQHF,LLEFYLAMPFATP,1
CASSVGPNGSNQPQHF,LLEFYLAMPFATP,1
CASSVGPSGGASELFF,LLEFYLAMPFATP,1
CASSVGQGKAFF,PKYVKQNTLKLAT,1
CASSVGQSQPQHF,ELAGIGILTV,1
CASSVGTLYSGANVLTF,NLVPMVATV,1
CASSVIGATYEQYF,RPRGEVRFL,1
CASSVIYEQYF,PGVLLKEFTVSGNIL,1
CASSVLAGDTQYF,RAKFKQLL,1
CASSVMGTQYF,PGVLLKEFTVSGNIL,1
CASSVMTGLNTEAFF,PGVLLKEFTVSGNIL,1
CASSVQALLAGDWADTQYF,RPRGEVRFL,1
CASSVQGLGQPQHF,ELAGIGILTV,1
CASSVRASDEQYF,GILGFVFTL,1
CASSVRASYEQYF,GILGFVFTL,1
CASSVRSAYEQYF,GILGFVFTL,1
CASSVRSTDTQYF,APQPELPYPQPG,1
CASSVRSTGELFF,GILGFVFTL,1
CASSVTGTEADEQFF,NLVPMVATV,1
CASSVVDRNNEQFF,LLYDANYFL,1
CASSVVGDEQYF,YSEHPTFTSQY,1
CASSVVGGRYGYTF,NLVPMVATV,1
CASSVVGYLGYTF,NLVPMVATV,1
CASSVVPEWEGELFF,PKYVKQNTLKLAT,1
CASSVVPTGNTEAFF,LLEFYLAMPFATP,1
CASSVWADPNEAFF,ELAGIGILTV,1
CASSVWGTDTQYF,RPRGEVRFL,1
CASSWDRAGNTLYF,GAMKRHGLDNYRGYSLG,1
CASSWEYEQYF,KASEKIFYV,1
CASSWGGGEQYF,KLVALGINAV,1
CASSWGQGSNYGYTF,IVTDFSVIK,1
CASSWGTGNTQYF,RGYVYQGL,1
CASSWLSNQPQHF,GLCTLVAML,1
CASSWSASYEQYF,KLVALGINAV,1
CASSWSFGTEAFF,ELAGIGILTV,1
CASSWSQLVHEQFF,ELAGIGILTV,1
CASSWWDTGELFF,RMFPNAPYL,1
CASSYAQGNEQFF,KLVALGINAV,1
CASSYASNQPQHF,NLVPMVATV,1
CASSYATAYEQYF,IPSINVHHY,1
CASSYATGASYGYTF,NLVPMVATV,1
CASSYDRGPREGYTF,NLVPMVATV,1
CASSYDSTTGELFF,ALSPVIPHI,1
CASSYDTLGTEAFF,ELAGIGILTV,1
CASSYEDHEQYF,RLPGVLPRA,1
CASSYEPGQVSHYSNQPQHF,FLKEKGGL,1
CASSYGAQGSYGYTF,EAAGIGILTV,1
CASSYGDLYTGELFF,ELAGIGILTV,1
CASSYGGEQPQHF,NLNCCSVPV,1
CASSYGGGPEAFF,ELAGIGILTV,1
CASSYGHFGSYGYTF,EAAGIGILTV,1
CASSYGSYEQYF,KLVALGINAV,1
CASSYLGDSTNSPLHF,RAKFKQLL,1
CASSYLGNTGELFF,SLLMWITQC,1
CASSYLGSGNEQFF,ELAGIGILTV,1
CASSYLPGQGDHYSNQPQHF,FLKEKGGL,1
CASSYLPTGGTDTQYF,SPRWYFYYL,1
CASSYMGPEAFF,RLARLALVL,1
CASSYMGVEQFF,YVLDHLIVV,1
CASSYNEQFF,NLVPMVATV,1
CASSYNIAGELFF,KLVALGINAV,1
CASSYPFGGAWDEQFF,IPSINVHHY,1
CASSYPGGGFYEQYF,LLFGYPVYV,1
CASSYQGTEAFF,ILAKFLHWL,1
CASSYQSGNTEAFF,KLVALGINAV,1
CASSYQTGAAYGYTF,NLVPMVATV,1
CASSYQTGASYGYTF,NLVPMVATV,1
CASSYQTGTGNYGYTF,NLVPMVATV,1
CASSYRGQSNQPQHF,ELAGIGILTV,1
CASSYRGSGNTIYF,KLVALGINAV,1
CASSYRSTLEQFF,GILGFVFTL,1
CASSYSGHVYEQYF,NLVPMVATV,1
CASSYSGNTEAFF,TPRVTGGGAM,1
CASSYSGQGSAAGETQYF,ELRRKMMYM,1
CASSYSGTGDYGYTF,NLVPMVATV,1
CASSYSGTNQPQHF,NLVPMVATV,1
CASSYSIRGSRGEQFF,RLPAKAPLL,1
CASSYSPGYEQYF,RLPGVLPRA,1
CASSYSQAWGQPQHF,RNTFRHSVVVPCE,1
CASSYSSGELFF,TPRVTGGGAM,1
CASSYSTGDGVHF,ELAGIGILTV,1
CASSYSTGTHLEQYF,NLVPMVATV,1
CASSYSWGAGYEQYF,ALDPHSGHFV,1
CASSYTGELFF,KLVALGINAV,1
CASSYTVQPYNEQFF,NLVPMVATV,1
CASSYVGNTGELFF,SLLMWITQV,1
CASSYWDRTTSGNTIYF,NLVPMVATV,1
CASSYWQGELFF,KLVALGINAV,1
CASTAGLLGSSYNEQFF,NHVVDISKSGLITIA,1
CASTAGQTTNFNEQFF,GLCTLVAML,1
CASTGGGALGTEAFF,NLVPMVATV,1
CASTGGLGYTF,KLVALGINAV,1
CASTGGTESNQPQHF,STRQALRPRADGPVG,1
CASTGRGSTDTQYF,FRDYVDRFYKTLRAEQASQE,1
CASTGSVSTDTQYF,NLVPMVATV,1
CASTGSYGYTF,KAFSPEVIPMF,1
CASTHGDEQFF,CRVLCCYVL,1
CASTHGTSGEDTQYF,NLVPMVATV,1
CASTIALGYEQYF,NLNCCSVPV,1
CASTKLALAYEQYF,FRDYVDRFYKTLRAEQASQE,1
CASTLAGVGYEQFF,GILGFVFTL,1
CASTLALGGGANEQFF,LLEFYLAMPFATP,1
CASTLGDEQYF,CRVLCCYVL,1
CASTLGQGQPQHF,ELAGIGILTV,1
CASTLLGGAGYNEQFF,NLVPMVATV,1
CASTLQANYGYTF,GYNSYSVSNSEKHIM,1
CASTLTGFAEAFF,VAANIVLTV,1
CASTLTGLGQPQHF,ELAGIGILTV,1
CASTNRQEGQETQYF,KLVALGINAV,1
CASTNSGNTIYF,KLVALGINAV,1
CASTPGDEQFF,CRVLCCYVL,1
CASTPGDEQYF,CRVLCCYVL,1
CASTPGGYEQYF,KLFEFLVYGV,1
CASTPGPRDSPLHF,ELAGIGILTV,1
CASTPGQKNTEAFF,CRVLCCYVL,1
CASTPPGSETQYF,ELAGIGILTV,1
CASTPQVNYGYTF,GYNSYSVSNSEKHIM,1
CASTPTGAYEQYF,ALDPHSGHFV,1
CASTPTGNTEAFF,YHSIEWA,1
CASTPWGAEAFF,CRVLCCYVL,1
CASTPYRRGPHLYGYTF,NLVPMVATV,1
CASTQGDEQFF,CRVLCCYVL,1
CASTQGSTDTQYF,KLVALGINAV,1
CASTQSPLAGNEQYF,KLVALGINAV,1
CASTREGLNTGELFF,GLCTLVAML,1
CASTRESTDTQYF,NLVPMVATV,1
CASTRGSTDTQYF,FRDYVDRFYKTLRAEQASQE,1
CASTSAGTPDNEQFF,RAKFKQLL,1
CASTSGDEQFF,CRVLCCYVL,1
CASTSGQLAPGELFF,GLCTLVAML,1
CASTSGQTFPGELFF,GLCTLVAML,1
CASTTAVYGYTF,GILGFVFTL,1
CASTTEGGLIHEKLFF,YVLDHLIVV,1
CASTTGDEQFF,CRVLCCYVL,1
CASTTGGGGYEQYF,GTSGSPIVNR,1
CASTTGQKNTEAFF,CRVLCCYVL,1
CASTTGTSGQNTGELFF,KALARALKEGRIR,1
CASTYHGTGYF,GELIGILNAAKVPAD,1
CASTYTSLAHNEQFF,ELAGIGILTV,1
CASVSGQGVSPLHF,AAFKRSCLK,1
CASYWGLAVNEQFF,RPPIFIRRL,1
CATAPREDRVGNEAFF,ELAGIGILTV,1
CATATGTGSNTEAFF,RPPIFIRRL,1
CATFTGNTEAFF,RARSVASQSI,1
CATGTGDSNQPQHF,EPLPQGQLTAY,1
CATGTGGNDYEQYF,TLYSLTLLY,1
CATKRTGTDTQYF,RAKFKQLL,1
CATLAGEGEQFF,RPPIFIRRL,1
CATQNLNTGELFF,YLQPRTFLL,1
CATRIGWGTDTQYF,RPRGEVRFL,1
CATSAEGGETQYF,FRCPRRFCF,1
CATSALGDTQYF,NPVVHFFKNIVTPR,1
CATSATGLRNQPQHF,NLVPMVATV,1
CATSDLLAGGKTGELFF,NLVPMVATV,1
CATSDLRRTDTQYF,NLVPMVATV,1
CATSDLVEDTQYF,SPRWYFYYL,1
CATSDPGTTNTGELFF,ALYGFVPVL,1
CATSDQGGTEDEQFF,ELAGIGILTV,1
CATSDSAGYNEQFF,NLVPMVATV,1
CATSDSRQINTGELFF,ELAGIGILTV,1
CATSDSTSGGTDTQYF,PKYVKQNTLKLAT,1
CATSDWAGEMETQYF,YVLDHLIVV,1
CATSEAASSWTGELFF,RPRGEVRFL,1
CATSEGNEQFF,NLVPMVATV,1
CATSEGPGQGISGANVLTF,FLIYLDVSV,1
CATSFAPGQGEHGYTF,LYPEFIASI,1
CATSGTAGETQYF,FRCPRRFCF,1
CATSIDRGREKLFF,KLVALGINAV,1
CATSPGDEQYF,CRVLCCYVL,1
CATSRDAGETQYF,FRCPRRFCF,1
CATSRDGAGLVNQPQHF,AAFKRSCLK,1
CATSRDGGETQYF,FRCPRRFCF,1
CATSREGGETQYF,FRCPRRFCF,1
CATSRTGGETQYF,FRCPRRFCF,1
CATSRVAGETQYF,FRCPRRFCF,1
CATSSEDSSNQPQHF,HRRGSRSYV,1
CATSSFPRLEWDEQFF,RAKFKQLL,1
CATSSFRMTGDNSPLHF,KASEKIFYV,1
CATSSGDLSSGANVLTF,KLVALGINAV,1
CATSVSANTGELFF,ELAGIGILTV,1
CATSVTGGETQYF,FRCPRRFCF,1
CATSWTGTYEQYF,YVLDHLIVV,1
CATTPGASGISEQFF,FRDYVDRFYKTLRAEQASQE,1
CATTQYGTDTQYF,RAKFKQLL,1
CATTSGQKNTEAFF,CRVLCCYVL,1
CAVTAGDEQFF,CRVLCCYVL,1
CAWGPRGPNYSGNTIYF,LLEFYLAMPFATP,1
CAWGTLATEQYF,RMFPNAPYL,1
CAWSAASGGAQDTQYF,MLFSHGLVK,1
CAWSALAGARDTQYF,GAVGVGKSAL,1
CAWSETGLGTGELFF,ELAGIGILTV,1
CAWSGGGGRVHEQYF,ELAGIGILTV,1
CAWSGLGPSYNEQFF,GILGFVFTL,1
CAWSGLSGSYNEQFF,YVLDHLIVV,1
CAWSINSAEAFF,KLVALGINAV,1
CAWSVPGLGQPQHF,ELAGIGILTV,1
CAWSVQGLGYGYTF,ELAGIGILTV,1
CAWSVSVGAGVPTIYF,RYPLTFGWCF,1
CAWTETGLSGNTIYF,RPRGEVRFL,1
CAWVPGTGGRAAFF,NLVPMVATV,1
CAWVPTGTGGTEAFF,NLVPMVATV,1
CRPGPLAGYGYTF,ELAGIGILTV,1
CSAADRGLGETQYF,NLVPMVATV,1
CSAGGWDRVNQPQHF,PKYVKQNTLKLAT,1
CSAGTGELFF,ALDPHSGHFV,1
CSAGVGGQETQYF,QPFPQPELPYP,1
CSAIDFPMGNEQFF,KLVALGINAV,1
CSAIPSYLSIGEQFF,YVLDHLIVV,1
CSALRDNYNSPLHF,RPRGEVRFL,1
CSANDRSYNEQFF,YVLDHLIVV,1
CSANPRTTLYEQYF,MEVDPIGHLY,1
CSANSRTGLGYTF,KLVALGINAV,1
CSAPDTGLGQPQHF,ELAGIGILTV,1
CSAPDWGNEQFF,CRVLCCYVL,1
CSAPDWNNEQFF,CRVLCCYVL,1
CSAPFPGQGDYGYTF,NLVPMVATV,1
CSAPGQEISTEAFF,GLCTLVAML,1
CSAPIPPYNEQFF,YVLDHLIVV,1
CSAPNWFNEQFF,CRVLCCYVL,1
CSAPPLAGDETQYF,YVMAYVMAGVGS,1
CSAPRAGVGQPQHF,ELAGIGILTV,1
CSAPTWDNEQFF,CRVLCCYVL,1
CSAQPGQENIQYF,IPSINVHHY,1
CSARAGAETQYF,ELAGIGILTV,1
CSARAGGGEAKNIQYF,AAVVRFQEAANKQKQ,1
CSARAGNQPQHF,ELAGIGILTV,1
CSARAGVGGDTQYF,ELAGIGILTV,1
CSARAGVGNTIYF,GLCTLVAML,1
CSARASGGEAKNIQYF,AAVVRFQEAANKQKQ,1
CSARDATGNGYTF,GLCTLVAML,1
CSARDEVGNTIYF,GLCTLVAML,1
CSARDGLGELFF,ELAGIGILTV,1
CSARDGTGNGYTF,GLCTLVAML,1
CSARDHGGDYGYTF,NLVPMVATV,1
CSARDLRLLANTGELFF,NLVPMVATV,1
CSARDLTSGANNEQFF,ENPVVHFFKNIVTP,1
CSARDMASGRNEQYF,NLVPMVATV,1
CSARDPGLEQNIQYF,RLITGRLQSL,1
CSARDQLGLNTGELFF,ELAGIGILTV,1
CSARDQTGNGYTF,GLCTLVAML,1
CSARDREDEKLFF,ELAGIGILTV,1
CSARDRGGENTGELFF,NLVPMVATV,1
CSARDRGLGNTIYF,GLCTLVAML,1
CSARDRIAVYNEQFF,LLEFYLAMPFATP,1
CSARDRIGNGYTF,GLCTLVAML,1
CSARDRTGNGYTF,GLCTLVAML,1
CSARDRVGNGYTF,GLCTLVAML,1
CSARDRVGNTIYF,GLCTLVAML,1
CSARDSTGNGYTF,GLCTLVAML,1
CSARDWTGNGYTF,GLCTLVAML,1
CSAREGAGGMGTQYF,MTEYKLVVVGAVGVGKSALTIQLI,1
CSARGADTQYF,NLVPMVATV,1
CSARGAGFSGANVLTF,YVLDHLIVV,1
CSARGEAITEKLFF,GLCTLVAML,1
CSARGGSYNSPLHF,FSWGAEGQRPGF,1
CSARGQDIYEQYF,NLVPMVATV,1
CSARGQGNEQYF,PPQIAANRSQLISLV,1
CSARIGVGNTIYF,GLCTLVAML,1
CSARKQGNEQFF,PPQIAANRSQLISLV,1
CSARLGVGNTIYF,GLCTLVAML,1
CSARLPRDYSNQPQHF,NLVPMVATV,1
CSARSGTGGDYTF,GLCTLVAML,1
CSARSGVGNTIYF,GLCTLVAML,1
CSARSPGELNIQYF,RLITGRLQSL,1
CSARSRGGGIETQYF,ELAGIGILTV,1
CSARSRVGNTIYF,GLCTLVAML,1
CSARTGTSEYNEQFF,RLITGRLQSL,1
CSARVGDTGELFF,ALSPVIPHI,1
CSASETGVGQPQHF,EAAGIGILTV,1
CSASNQESYGYTF,YVLDHLIVV,1
CSASNRLAVNEQFF,MTEYKLVVVGARGVGKSALTIQLI,1
CSASPGYNEQFF,VVMSWAPPV,1
CSASQIYEQYF,ALLPGLPAA,1
CSASRGATGQPQHF,MTEYKLVVVGAVGVGKSALTIQLI,1
CSASSGGAGVDTQYF,ELAGIGILTV,1
CSASSTHSNQPQHF,KQIYKTPPI,1
CSASVPGLGQPQHF,ELAGIGILTV,1
CSATPSGYGYTF,NLVPMVATV,1
CSGDRSSDTQYF,NLVPMVATV,1
CSGEGGDTEAFF,RLITGRLQSL,1
CSGGQDYNEQFF,NLVPMVATV,1
CSGGQGEGEQYF,RAKFKQLL,1
CSGGTDGTNEKLFF,GLCTLVAML,1
CSILGSNAGPQETQYF,NLVPMVATV,1
CSTGTGEGGTQYF,RAKFKQLL,1
CSVAGQGDDHTDTQYF,NLVPMVATV,1
CSVALGSDTGELFF,LQPFPQPELPYGSGGS,1
CSVDPGHTGEKLFF,NLVPMVATV,1
CSVEDLGAGVSNEQFF,RLPGVLPRA,1
CSVEDRRGPFYGYTF,TEDEHFEFY,1
CSVEEGSRAQYF,NLVPMVATV,1
CSVEEGVLYEQYF,IPSINVHHY,1
CSVEGDTGELFF,NLVPMVATV,1
CSVEKGNNYGYTF,RLPGVLPRA,1
CSVESGQDYGYTF,MTEYKLVVVGAVGVGKSALTIQLI,1
CSVGAGDYEQYF,RAKFKQLL,1
CSVGGAYEQYF,RPPIFIRRL,1
CSVGGSGGADTQYF,SLLMWITQV,1
CSVGGTFYGYTF,GLCTLVAML,1
CSVGMDGVTNEKLFF,GLCTLVAML,1
CSVGSAGTNEKLFF,GLCTLVAML,1
CSVGSGGTNEKLFF,GLCTLVAML,1
CSVGSSGTNEKLFF,GLCTLVAML,1
CSVGSTGGTNEKLFF,GLCTLVAML,1
CSVGTATNEKLFF,GLCTLVAML,1
CSVGTGGTNEKLFF,GLCTLVAML,1
CSVQGGLDSNYGYTF,DFHFEVFNFVPCSI,1
CSVREDSTNEKLFF,GLCTLVAML,1
CSVSAGEEDTQYF,RAKFKQLL,1
CSVSDLGVGQPQHF,EAAGIGILTV,1
CSVVDYGYTF,NLVPMVATV,1
CTCSAAPDWGASAETLYF,KVITFIDL,1
CTCSADRGAETLYF,VVVGAVGVGK,1
CTCSADRVGNTLYF,INFDFNTI,1
CTCSAGLGYEQYF,LVERLYLVCGEEGA,1
